customer_id,customer_name,city,state,signup_date
427,Bala J,Pune,maharashtra,19-03-2023
523,Manoj B,Tiruchirappalli,Tamil Nadu,2024-12-09
531,Karthik K,Delhi,Delhi,26-06-2024
22,Janani B,Chennai,TN,2023-07-21
1034,Nithya N,Delhi,Delhi,2024-06-26
715,Harini J,Salem,Tamil Nadu,26/12/2024
610,Vignesh D,,Tamil Nadu,17/11/2024
1062,Priya S,Salem,Tamil Nadu,05-04-2025
659,Kavya T,Hyderabad,ts,02-02-2023
170,Dinesh N,Delhi,Delhi,02-10-2025
84,Keerthana B,Bengaluru,Karnataka,2025-06-12
905,,Salem,tamil nadu,2023-12-08
1149,Priya B,Madurai,Tamil Nadu,03-05-2025
50,Suresh S,Bengaluru,KARNATAKA,21/05/2023
443,ajay j,Coimbatore,TaMiL NaDu,
678,NAVEEN M,Salem,Tamil Nadu,21/02/2024
958,Sneha K,Chennai,Tamil Nadu,31/03/2024
623,Manoj P,Mumbai,mh,2023-01-24
1038,Ajay N,salem,Tamil Nadu,2024-04-08
79,Manoj P,Madurai,Tamil Nadu,
130,NITHYA K,Hyderabad,ts,19/11/2024
370,Divya A,MUMBAI,Maharashtra,23-04-2023
209,Harini B,Mumbai,MH,14/08/2024
859,Meena P,Madurai,Tamil Nadu,08-01-2025
41,Swathi M,hyderabad,Telangana,03/09/2023
363,bala d,Chennai,Tamil Nadu,2023-06-17
179,Ramya J,Coimbatore,Tamil Nadu,2024-01-28
174,Nithya J,Pune,MAHARASHTRA,05-12-2024
651,Naveen R,Delhi,delhi,2023-09-30
488,Dinesh N,Bengaluru,Karnataka,04-07-2025
694,Ramya S,Chennai,TAMIL NADU,18/06/2024
1010,Ashwin B,Delhi,Delhi,18/11/2024
597,Vijay R,Mumbai,Maharashtra,05/05/2024
670,PRAVEEN T,Hyderabad,Telangana,12-10-2025
407,Kavya V,madurai,tn,2025-10-30
409,Dinesh N,Kochi,Kerala,2025-12-09
1146,Naveen T,Salem,Tamil Nadu,2025-12-31
1112,Swathi V,Delhi,Delhi,02-07-2023
434,Deepa M,Salem,Tamil Nadu,2025-08-18
702,Meena J,Delhi,Delhi,01/05/2023
320,Suresh S,Coimbatore,Tamil Nadu,2024-05-28
1169,Keerthana G,Delhi,Delhi,02-10-2024
838,Manoj B,Salem,Tamil Nadu,2024-08-15
389,Santhosh M,Bengaluru,Karnataka,20/12/2024
344,Deepa K,MUMBAI,Maharashtra,2024-11-06
714,Santhosh S,Tiruchirappalli,tn,29/01/2024
826,Sneha D,Madurai,Tamil Nadu,02-07-2024
18,Rahul J,COIMBATORE,Tamil Nadu,26/08/2025
52,Meena N,Pune,Maharashtra,2024-09-11
251,naveen t,Delhi,Delhi,08-11-2023
778,Meena T,Mumbai,mh,01-04-2023
519,Keerthana S,Pune,mh,08/01/2024
45,Divya P,,Telangana,2023-09-26
190,sneha r,hyderabad,ts,04/10/2025
494,priya s,madurai,Tamil Nadu,28-04-2024
40,Janani S,Madurai,Tamil Nadu,20/05/2023
934,Rahul J,Tiruchirappalli,Tamil Nadu,09/05/2025
1161,Dinesh N,Bengaluru,Karnataka,25-04-2024
1056,Kavya A,Madurai,tn,2025-04-28
514,Kavya J,Coimbatore,TaMiL NaDu,26/06/2023
272,Suresh T,Chennai,Tamil Nadu,10-08-2025
323,Vignesh V,Chennai,TaMiL NaDu,2023-12-23
198,Harini B,MADURAI,Tamil Nadu,2024-03-01
230,Bala K,Tiruchirappalli,TAMIL NADU,2024-06-30
520,Bala S,Hyderabad,telangana,2025-10-26
885,Naveen R,Tiruchirappalli,tn,2025-10-20
687,Shalini M,Pune,,20-10-2024
753,Suresh N,Coimbatore,tamil nadu,10/05/2023
1025,Sneha V,Tiruchirappalli,Tamil Nadu,25/01/2024
236,ASHWIN R,Kochi,KeRaLa,29/08/2023
904,,Bengaluru,ka,2025-12-07
737,Keerthana J,HYDERABAD,Telangana,03-06-2025
846,Karthik T,Madurai,tamil nadu,05-04-2025
57,Suresh P,Mumbai,Maharashtra,2024-03-07
780,Bala V,Hyderabad,Telangana,2023-08-05
317,Karthik G,Pune,Maharashtra,2024-02-29
1065,Priya B,Kochi,kerala,2024-07-04
114,Ashwin J,Kochi,Kerala,2023-11-22
777,Sneha G,Tiruchirappalli,Tamil Nadu,28-12-2024
138,Suresh G,Hyderabad,TS,2024-05-31
781,Arun R,Salem,Tamil Nadu,2024-03-30
1166,PRAVEEN M,Kochi,Kerala,29/08/2024
311,Sneha T,Bengaluru,Karnataka,2025-01-04
139,Ashwin R,Kochi,kerala,09/02/2023
9,Rahul J,Tiruchirappalli,Tamil Nadu,2024-09-30
223,Dinesh N,Salem,Tamil Nadu,31-03-2025
217,Bala G,Coimbatore,TaMiL NaDu,2025-08-21
591,Anitha R,MUMBAI,mh,2025-02-16
257,harini b,Hyderabad,Telangana,2023-06-14
127,Nithya K,Bengaluru,karnataka,03-09-2024
1121,,Bengaluru,Karnataka,18/04/2025
295,Karthik G,Hyderabad,TS,2023-01-29
928,Keerthana D,Kochi,Kerala,05/02/2024
2,Nithya K,Madurai,Tamil Nadu,2025-01-13
412,Bala V,Delhi,Delhi,18/04/2023
372,bala s,Salem,Tamil Nadu,
556,Naveen K,Mumbai,MAHARASHTRA,03-02-2024
740,Kavya M,Madurai,Tamil Nadu,2023-06-18
970,Praveen P,Kochi,KL,23/04/2025
265,Priya V,Chennai,tamil nadu,2024-08-23
868,Karthik M,Hyderabad,Telangana,2023-07-02
10,Naveen T,,delhi,03-02-2025
762,ANITHA V,Mumbai,Maharashtra,16/02/2024
103,Arun K,Tiruchirappalli,Tamil Nadu,2025-08-31
704,Bala K,Hyderabad,telangana,09/10/2023
393,meena g,Delhi,Delhi,2025-10-08
237,Praveen S,Kochi,Kerala,20/08/2024
460,Arun D,BENGALURU,Karnataka,07/05/2024
673,Pavithra S,salem,Tamil Nadu,09/02/2025
248,Ajay V,Tiruchirappalli,TAMIL NADU,2024-05-04
225,Ajay R,Bengaluru,ka,31/05/2024
1066,Gokul V,Chennai,Tamil Nadu,2024-11-22
1044,Deepa T,Kochi,Kerala,2024-04-27
253,Vignesh V,Madurai,TAMIL NADU,2025-06-20
779,Vignesh T,Delhi,delhi,29/03/2025
1030,Pavithra R,Salem,,10-09-2025
793,SWATHI G,Coimbatore,Tamil Nadu,14/05/2024
543,Ajay R,Salem,tn,09-07-2025
226,Manoj R,Hyderabad,Telangana,19/11/2025
672,Kavya J,Bengaluru,,2025-05-02
1132,ramya v,Chennai,TaMiL NaDu,21/10/2024
902,Anitha T,Delhi,delhi,2023-12-26
1129,Harini A,Delhi,Delhi,2025-05-29
1155,Pavithra R,Pune,Maharashtra,30/08/2023
1041,Karthik T,Bengaluru,karnataka,27/04/2025
416,Manoj R,Mumbai,Maharashtra,17-10-2023
929,Ramya J,Tiruchirappalli,TN,2023-11-05
745,Vijay R,Coimbatore,TAMIL NADU,2025-06-01
186,Dinesh S,delhi,Delhi,2025-10-02
166,Kavya P,Bengaluru,Karnataka,26-07-2024
1188,Swathi V,Pune,Maharashtra,07-12-2025
481,Manoj S,Kochi,Kerala,15/10/2025
142,Bala K,Tiruchirappalli,Tamil Nadu,13-02-2024
53,Harini G,Delhi,Delhi,2025-12-19
442,Karthik G,Coimbatore,Tamil Nadu,2024-07-12
402,Harini D,Pune,maharashtra,2025-02-26
297,Keerthana T,Delhi,,20-06-2024
1,Bala J,Chennai,tamil nadu,2024-10-25
521,Shalini K,Madurai,TaMiL NaDu,2025-11-27
817,Harini K,bengaluru,Karnataka,2023-01-20
730,Vignesh A,Delhi,Delhi,2024-11-10
873,Harini T,Coimbatore,tn,20/06/2025
545,Anitha A,Mumbai,maharashtra,2025-05-06
115,Ramya N,Kochi,Kerala,14/06/2024
646,keerthana b,,tamil nadu,04/05/2023
47,Manoj G,Madurai,Tamil Nadu,20-01-2023
533,HARINI T,Chennai,Tamil Nadu,16/10/2025
731,Naveen G,Coimbatore,TN,10/06/2023
861,Priya A,Delhi,Delhi,2024-09-17
212,Deepa N,Kochi,Kerala,14-06-2023
303,Sneha S,Chennai,Tamil Nadu,2023-03-18
991,Priya M,Mumbai,maharashtra,24/03/2024
872,Karthik J,Mumbai,Maharashtra,18/01/2023
140,Ramya J,Chennai,Tamil Nadu,17-12-2024
43,Harini R,Hyderabad,Telangana,06-12-2025
385,Vignesh A,Pune,Maharashtra,11/06/2023
1101,RAHUL S,Pune,Maharashtra,07/05/2024
619,Karthik A,Delhi,Delhi,2023-07-15
959,VIJAY M,Hyderabad,Telangana,2025-02-01
373,Manoj R,Chennai,Tamil Nadu,15-10-2025
658,Rahul B,Madurai,TAMIL NADU,2023-03-07
184,Dinesh J,Coimbatore,TN,15/07/2024
124,Pavithra K,Tiruchirappalli,Tamil Nadu,2025-05-10
326,Ajay G,Bengaluru,Karnataka,2025-11-17
59,Santhosh N,salem,Tamil Nadu,15-04-2023
699,Suresh G,Kochi,Kerala,2025-10-01
210,Ajay R,Kochi,Kerala,14-09-2024
761,Pavithra T,Mumbai,Maharashtra,06/10/2023
177,Anitha P,tiruchirappalli,Tamil Nadu,05/09/2023
474,Kavya M,Chennai,tn,2024-10-08
738,Meena T,Mumbai,mh,17/02/2025
187,Sneha K,MUMBAI,Maharashtra,2024-08-05
818,Nithya S,Tiruchirappalli,Tamil Nadu,25-02-2025
810,Divya P,Madurai,Tamil Nadu,10/01/2024
549,Nithya K,Madurai,Tamil Nadu,2025-03-16
879,Divya P,Delhi,Delhi,2023-06-22
1145,Meena R,Bengaluru,KARNATAKA,2023-03-18
133,Arun A,Mumbai,Maharashtra,2023-02-25
528,VIGNESH D,coimbatore,Tamil Nadu,2023-12-17
309,suresh k,Bengaluru,Karnataka,2024-03-20
758,Sneha S,Salem,TaMiL NaDu,14-01-2023
787,Sneha B,Coimbatore,tn,2024-12-14
245,Ashwin D,Mumbai,Maharashtra,29-09-2025
513,deepa d,Bengaluru,Karnataka,2025-08-15
487,Harini B,Hyderabad,Telangana,08/12/2023
835,Meena D,Coimbatore,Tamil Nadu,2024-02-28
207,Praveen S,Salem,Tamil Nadu,2023-10-19
759,Naveen V,Mumbai,Maharashtra,2025-02-17
353,Harini T,Salem,Tamil Nadu,01/03/2023
182,,Salem,TaMiL NaDu,10/04/2024
241,Rahul D,Pune,maharashtra,2023-10-07
1134,Swathi K,Delhi,Delhi,24/05/2024
395,Swathi D,Delhi,Delhi,2024-10-23
118,Praveen M,Salem,Tamil Nadu,2025-06-19
322,Vijay K,Bengaluru,karnataka,02-05-2024
287,Vignesh V,Coimbatore,tamil nadu,2023-07-04
379,Vignesh A,Mumbai,Maharashtra,2025-04-08
500,Praveen P,Tiruchirappalli,Tamil Nadu,2023-08-21
512,Kavya N,Chennai,tamil nadu,
636,Ashwin J,Pune,Maharashtra,2024-02-19
149,Naveen B,tiruchirappalli,Tamil Nadu,2023-06-05
848,Ajay N,Bengaluru,karnataka,06-01-2023
953,Dinesh M,Bengaluru,KARNATAKA,22/03/2025
420,Ashwin S,DELHI,Delhi,2025-12-14
1135,Divya B,Bengaluru,Karnataka,2024-10-01
679,Manoj T,Madurai,TN,10/07/2025
325,Santhosh R,Madurai,TN,02-09-2025
1046,GOKUL B,Chennai,Tamil Nadu,2025-10-25
346,Janani T,Hyderabad,telangana,16-04-2023
489,Priya B,Bengaluru,Karnataka,09-06-2025
482,Keerthana G,pune,mh,2024-06-30
496,Naveen D,Chennai,Tamil Nadu,11-11-2023
707,Santhosh N,Bengaluru,Karnataka,04/05/2023
392,Meena D,Coimbatore,Tamil Nadu,04-06-2023
107,Naveen M,Coimbatore,Tamil Nadu,12-01-2023
607,Pavithra S,Chennai,tn,24/03/2025
993,Manoj D,Tiruchirappalli,Tamil Nadu,2023-09-25
399,,Madurai,TAMIL NADU,27-09-2024
913,Gokul D,delhi,Delhi,25/08/2023
491,Swathi T,Hyderabad,Telangana,14-01-2025
1127,Vignesh G,Coimbatore,Tamil Nadu,29-09-2025
123,Pavithra A,Bengaluru,KA,12/08/2025
276,Janani P,Tiruchirappalli,Tamil Nadu,2025-02-26
577,Vignesh B,Madurai,TaMiL NaDu,2024-01-26
181,ramya d,Pune,MAHARASHTRA,02/08/2024
876,Janani M,Madurai,TAMIL NADU,25/07/2023
769,Ramya N,Tiruchirappalli,Tamil Nadu,16/06/2025
1175,Ashwin V,Coimbatore,Tamil Nadu,2023-08-22
540,Manoj B,Bengaluru,Karnataka,
74,Meena G,Madurai,Tamil Nadu,22/02/2025
1170,pavithra b,Madurai,tamil nadu,2023-07-14
464,Naveen N,Chennai,Tamil Nadu,03-03-2025
924,Bala P,Bengaluru,KA,26/06/2023
927,Ramya D,Tiruchirappalli,TN,2025-08-08
856,Arun R,Coimbatore,Tamil Nadu,22-06-2025
706,Dinesh S,Chennai,tn,23-03-2024
195,Bala J,Hyderabad,Telangana,11/07/2025
1192,Vijay J,Mumbai,Maharashtra,22-04-2023
723,Vignesh R,pune,Maharashtra,29/03/2023
46,,Salem,Tamil Nadu,25/07/2025
426,Janani G,Madurai,tamil nadu,05-11-2025
788,Anitha V,kochi,KL,28/02/2024
234,DINESH S,Salem,Tamil Nadu,2023-01-29
39,Meena K,Pune,MAHARASHTRA,14-06-2023
1153,Anitha A,Delhi,Delhi,2023-07-26
76,Rahul N,BENGALURU,Karnataka,2024-09-17
493,Arun S,Mumbai,Maharashtra,16-06-2025
1092,Suresh D,Salem,TAMIL NADU,17-07-2024
1098,Anitha T,Madurai,TAMIL NADU,13/09/2025
1151,Nithya B,Coimbatore,Tamil Nadu,25-02-2024
415,Anitha P,Delhi,dl,2023-11-04
893,Santhosh P,Delhi,DELHI,23-10-2025
403,Ajay D,Pune,MAHARASHTRA,2023-03-26
202,dinesh d,Kochi,KeRaLa,19-08-2024
760,Kavya V,Kochi,KERALA,16/11/2024
729,Anitha S,Mumbai,maharashtra,2024-05-07
973,Pavithra M,Delhi,DELHI,12/12/2025
366,Suresh M,Pune,mh,
1174,Gokul B,Madurai,Tamil Nadu,2025-02-02
477,priya g,DELHI,Delhi,2024-01-27
552,Anitha N,Mumbai,Maharashtra,2025-08-21
279,dinesh p,,TaMiL NaDu,21/03/2025
812,Naveen A,Mumbai,Maharashtra,10-10-2023
213,Harini K,Hyderabad,Telangana,22-10-2024
292,Kavya R,Kochi,Kerala,2023-06-04
1063,Vijay D,Mumbai,MH,2025-04-02
974,Divya T,pune,MAHARASHTRA,09-02-2023
337,Pavithra N,Tiruchirappalli,Tamil Nadu,2025-04-27
281,Shalini D,Kochi,Kerala,2024-08-09
446,NAVEEN J,Bengaluru,Karnataka,27/04/2024
539,Ajay M,Bengaluru,Karnataka,22/10/2023
352,Kavya A,PUNE,Maharashtra,23/02/2023
313,Sneha N,Madurai,Tamil Nadu,2024-03-10
418,Vijay D,Madurai,Tamil Nadu,2024-09-26
175,Pavithra B,Pune,maharashtra,08/11/2024
732,Santhosh B,Bengaluru,Karnataka,20/04/2023
1142,Meena G,Hyderabad,ts,2023-02-09
306,Ajay V,Delhi,DELHI,2025-05-08
328,Divya D,Chennai,Tamil Nadu,2025-12-03
6,Bala J,coimbatore,Tamil Nadu,20-09-2023
169,Ramya A,Kochi,Kerala,2024-05-07
508,Dinesh R,Pune,Maharashtra,17/08/2024
73,Kavya T,Tiruchirappalli,tn,30-06-2024
1167,Suresh N,Chennai,Tamil Nadu,24/07/2023
150,Vignesh B,Delhi,Delhi,2024-05-12
517,Vijay V,Delhi,DELHI,01/06/2023
976,Deepa G,Kochi,Kerala,2024-12-05
66,pavithra s,Chennai,Tamil Nadu,23/09/2024
862,Ramya B,Tiruchirappalli,tamil nadu,2025-05-29
1037,Meena N,Chennai,Tamil Nadu,23-06-2024
1120,Anitha A,Chennai,,05/11/2023
280,Suresh K,Mumbai,maharashtra,11-04-2023
1014,Priya A,Kochi,KL,2025-05-09
863,Praveen R,Madurai,tamil nadu,2023-01-03
603,Nithya T,Tiruchirappalli,TAMIL NADU,2024-08-11
935,Nithya K,Coimbatore,Tamil Nadu,27/07/2024
113,Harini B,Pune,Maharashtra,2025-05-23
837,Deepa P,Mumbai,mh,2023-12-11
617,Meena D,Delhi,delhi,10-04-2025
156,Pavithra V,Delhi,Delhi,30-07-2025
7,Swathi N,,Maharashtra,05/12/2023
88,Santhosh G,Pune,MAHARASHTRA,2024-02-08
698,nithya j,DELHI,Delhi,2024-11-22
664,Bala G,Chennai,tamil nadu,14/10/2023
713,Kavya S,Madurai,Tamil Nadu,17/07/2023
122,dinesh s,Tiruchirappalli,tamil nadu,12/05/2023
334,naveen d,Pune,Maharashtra,26/08/2024
984,Suresh J,Chennai,Tamil Nadu,25/03/2024
615,Dinesh S,Chennai,Tamil Nadu,2024-11-21
201,Meena K,Hyderabad,TELANGANA,2025-07-11
238,Santhosh B,Salem,TaMiL NaDu,30/04/2025
596,Ashwin J,Salem,Tamil Nadu,10/07/2024
232,Gokul B,Kochi,Kerala,2023-09-06
235,Deepa A,Madurai,Tamil Nadu,2024-04-05
269,Harini T,Tiruchirappalli,TN,2025-10-16
1157,Rahul D,Tiruchirappalli,Tamil Nadu,2024-06-22
95,Swathi B,Coimbatore,Tamil Nadu,
966,Nithya K,Hyderabad,Telangana,2025-05-23
72,Arun S,Bengaluru,KARNATAKA,23/04/2025
29,,,TN,2023-12-07
1001,Meena B,Pune,maharashtra,2024-12-31
635,Karthik D,Madurai,tn,2023-05-07
144,Divya S,Kochi,Kerala,2023-08-23
842,DIVYA S,Bengaluru,Karnataka,21/05/2024
839,Vignesh P,pune,,15/07/2023
632,Bala J,Delhi,Delhi,2024-03-23
484,Pavithra D,Coimbatore,TaMiL NaDu,2024-08-24
445,Shalini K,Hyderabad,Telangana,2023-04-20
498,Ajay G,Madurai,Tamil Nadu,2023-10-09
171,Ajay G,Chennai,TaMiL NaDu,10/07/2023
159,harini g,,MAHARASHTRA,17-09-2025
362,Gokul K,Coimbatore,tamil nadu,19/11/2023
733,Sneha A,Tiruchirappalli,Tamil Nadu,2023-06-05
1173,Manoj V,KOCHI,KeRaLa,2024-07-03
822,Karthik D,Chennai,Tamil Nadu,2024-03-27
449,,Coimbatore,tamil nadu,20/03/2023
722,Karthik N,hyderabad,Telangana,09/11/2024
701,Vijay B,Pune,Maharashtra,2025-09-27
270,Shalini D,Coimbatore,Tamil Nadu,20/04/2024
229,,Kochi,Kerala,2025-06-24
20,Rahul R,Madurai,Tamil Nadu,2025-06-01
369,Santhosh T,Salem,Tamil Nadu,2023-04-04
361,Bala D,Mumbai,Maharashtra,23/06/2023
1190,Pavithra T,Tiruchirappalli,Tamil Nadu,13-09-2025
688,Bala P,Hyderabad,Telangana,2025-08-12
358,Karthik B,Pune,mh,16-03-2024
1075,Karthik P,pune,MH,06/04/2025
685,Ramya R,Kochi,Kerala,2024-05-11
65,Ashwin V,MUMBAI,MH,31/10/2023
462,Santhosh V,MADURAI,TN,2025-12-13
535,praveen p,Kochi,KERALA,16-05-2024
728,Vignesh S,,telangana,2023-06-07
561,Kavya V,Pune,Maharashtra,2025-01-18
441,Dinesh J,Madurai,Tamil Nadu,06-08-2024
736,Kavya N,KOCHI,Kerala,12/04/2024
404,Ajay G,Mumbai,maharashtra,21/01/2024
260,janani j,Chennai,tn,2023-05-21
1159,dinesh a,,tamil nadu,25/11/2023
579,Vijay A,Tiruchirappalli,TaMiL NaDu,2025-04-20
1102,Gokul K,Mumbai,Maharashtra,07-04-2025
660,Divya M,Madurai,TaMiL NaDu,26-07-2023
375,Naveen J,Tiruchirappalli,Tamil Nadu,2025-10-21
766,Naveen P,HYDERABAD,Telangana,17-01-2025
916,Nithya V,Hyderabad,Telangana,2023-11-04
1108,Praveen G,Kochi,Kerala,04/01/2025
739,Karthik G,MUMBAI,Maharashtra,2024-08-27
824,Deepa P,Coimbatore,Tamil Nadu,25-07-2025
26,Ajay M,Madurai,Tamil Nadu,26/06/2025
671,Priya V,Delhi,Delhi,19/02/2025
1160,Priya J,KOCHI,Kerala,2024-03-01
921,Sneha J,Delhi,Delhi,2023-04-18
743,Sneha R,Chennai,Tamil Nadu,2024-09-23
1026,Pavithra B,Pune,maharashtra,2024-06-27
829,Pavithra R,Delhi,,21-05-2024
371,ARUN M,salem,Tamil Nadu,2024-03-08
752,Meena S,Salem,TaMiL NaDu,08-09-2024
1141,,Bengaluru,KA,21/01/2024
321,Kavya S,Madurai,Tamil Nadu,2023-02-22
137,Ajay V,Bengaluru,KA,
348,Sneha D,Pune,Maharashtra,11/03/2024
51,Gokul M,Bengaluru,Karnataka,06-08-2024
1079,Shalini V,,Tamil Nadu,15/07/2024
680,Janani V,Madurai,Tamil Nadu,26-01-2024
988,Dinesh B,Bengaluru,Karnataka,19-10-2023
490,SURESH T,Chennai,Tamil Nadu,2023-06-03
1084,Keerthana S,Salem,TaMiL NaDu,05/07/2023
582,Santhosh M,Pune,mh,2024-10-27
129,Nithya M,Salem,Tamil Nadu,2025-06-11
343,Sneha B,Bengaluru,KA,24/09/2023
189,Meena K,Salem,Tamil Nadu,05-09-2025
555,BALA A,Bengaluru,Karnataka,03/04/2023
1178,Praveen G,coimbatore,Tamil Nadu,20/08/2023
757,Harini D,Tiruchirappalli,Tamil Nadu,26-07-2025
147,Bala S,Salem,Tamil Nadu,2023-08-10
1068,Suresh N,Delhi,Delhi,2023-07-21
104,Harini G,Madurai,Tamil Nadu,2025-07-21
949,Anitha N,,tn,2023-09-03
663,Ajay M,Pune,MAHARASHTRA,20/03/2024
886,Praveen D,Madurai,Tamil Nadu,2025-12-17
425,vijay s,Madurai,Tamil Nadu,2024-08-28
455,Anitha R,Chennai,TaMiL NaDu,2024-05-03
1036,Meena V,Hyderabad,Telangana,2025-01-26
661,Harini K,Kochi,Kerala,10-04-2023
914,Divya B,Pune,mh,2023-01-06
333,Karthik S,Salem,TaMiL NaDu,2024-10-27
980,Gokul G,Salem,TaMiL NaDu,30-04-2023
652,Praveen V,Madurai,Tamil Nadu,2024-01-01
82,Sneha P,Coimbatore,Tamil Nadu,2024-06-27
1118,Nithya M,pune,mh,2023-09-03
881,Bala B,Chennai,Tamil Nadu,09-09-2024
971,Gokul J,Kochi,Kerala,2023-05-05
689,Deepa T,Bengaluru,KARNATAKA,23/09/2024
1125,Manoj T,Chennai,Tamil Nadu,2023-01-10
54,Arun T,Pune,Maharashtra,2024-09-05
668,Divya A,Salem,Tamil Nadu,2024-07-17
836,Ashwin M,,TAMIL NADU,19-12-2024
1085,Anitha K,Hyderabad,TS,2023-04-12
821,Dinesh N,Kochi,KERALA,09-12-2023
1186,Praveen V,chennai,Tamil Nadu,2025-12-10
1106,Naveen B,Chennai,Tamil Nadu,2024-01-24
896,Suresh R,Salem,Tamil Nadu,11-06-2023
806,Harini A,Mumbai,MAHARASHTRA,2023-08-22
834,Janani B,Mumbai,Maharashtra,26/05/2025
167,Gokul D,Salem,tn,2023-01-21
809,Swathi S,bengaluru,Karnataka,2023-08-30
14,Vignesh M,Chennai,TaMiL NaDu,2023-05-26
1163,Shalini R,Mumbai,Maharashtra,08-10-2025
1199,Ajay G,MUMBAI,Maharashtra,2025-07-06
467,Ramya T,Delhi,delhi,2023-08-01
746,Ajay J,Pune,Maharashtra,15-11-2025
224,Ashwin G,Pune,Maharashtra,2023-03-17
35,Vijay M,Salem,TN,2024-03-21
244,Ashwin K,Salem,TAMIL NADU,03/09/2024
565,Santhosh N,Coimbatore,TAMIL NADU,21-11-2025
625,PRIYA T,Madurai,Tamil Nadu,2025-08-11
364,Suresh N,Delhi,delhi,2025-05-18
275,Praveen A,Salem,Tamil Nadu,24-07-2025
134,,Hyderabad,ts,2023-10-05
1187,Bala B,Mumbai,MAHARASHTRA,03/04/2024
573,HARINI N,Salem,tamil nadu,11/04/2024
1090,Nithya S,Delhi,delhi,2023-12-21
978,Naveen P,Coimbatore,TAMIL NADU,23/02/2023
570,Nithya K,Bengaluru,ka,09-11-2024
1191,keerthana t,delhi,Delhi,27/02/2025
695,Deepa D,Mumbai,MH,2025-05-05
109,Divya S,Pune,Maharashtra,2025-08-09
878,KEERTHANA A,Bengaluru,karnataka,14/10/2023
541,Naveen S,Bengaluru,Karnataka,2025-11-20
117,Bala G,Pune,mh,19/09/2025
550,Santhosh N,Tiruchirappalli,Tamil Nadu,2024-03-16
957,Sneha N,Madurai,Tamil Nadu,2023-10-14
857,Ajay K,Hyderabad,TS,19/02/2024
163,Vignesh D,Delhi,Delhi,15/02/2025
382,Meena G,Mumbai,Maharashtra,2025-07-31
256,Karthik N,Salem,tn,24/11/2024
611,Anitha N,Delhi,Delhi,09/12/2025
1182,Meena D,Hyderabad,TELANGANA,04/01/2025
1089,Arun G,Delhi,delhi,2023-01-19
898,naveen d,delhi,Delhi,2023-05-16
75,Janani K,Kochi,Kerala,31-03-2024
11,AJAY J,Kochi,kerala,2023-09-05
933,Janani B,Salem,Tamil Nadu,2023-08-01
850,Praveen T,Bengaluru,karnataka,10/05/2023
1076,Vijay G,Pune,Maharashtra,2023-03-01
70,Harini B,Coimbatore,TAMIL NADU,2024-04-29
972,Karthik P,Hyderabad,Telangana,09/10/2023
629,Divya S,Kochi,Kerala,2023-11-10
645,Vignesh R,Chennai,TaMiL NaDu,2025-05-17
908,Suresh J,Madurai,TAMIL NADU,22-06-2024
16,Karthik K,Bengaluru,Karnataka,2023-05-26
106,Dinesh B,Hyderabad,Telangana,09/10/2025
854,Vignesh N,Bengaluru,Karnataka,10-04-2023
1103,Swathi V,Delhi,Delhi,2023-10-14
942,,BENGALURU,ka,2025-03-15
374,Ramya A,Coimbatore,TAMIL NADU,22-09-2023
808,Ashwin T,Salem,Tamil Nadu,2023-06-23
49,Karthik J,Tiruchirappalli,Tamil Nadu,02-11-2025
544,Divya S,Madurai,Tamil Nadu,2023-04-14
164,Manoj K,Kochi,Kerala,2024-10-27
749,Janani A,Chennai,TAMIL NADU,2024-08-20
677,Pavithra J,Pune,mh,2023-10-02
771,,COIMBATORE,Tamil Nadu,2024-09-12
243,Manoj G,Pune,Maharashtra,2024-07-01
735,bala v,Chennai,TAMIL NADU,2024-07-13
218,Santhosh T,Kochi,Kerala,2024-07-23
581,Janani B,Chennai,Tamil Nadu,10-10-2023
285,Praveen R,Delhi,Delhi,2023-03-22
906,Keerthana S,Salem,Tamil Nadu,30/08/2023
982,Bala D,TIRUCHIRAPPALLI,Tamil Nadu,23-11-2023
920,Ashwin R,Mumbai,MH,02/02/2025
8,Suresh J,Mumbai,Maharashtra,16/05/2025
975,Naveen G,Bengaluru,,09/09/2025
571,Swathi R,hyderabad,telangana,22-09-2024
64,SNEHA R,Coimbatore,Tamil Nadu,2023-03-15
283,DIVYA T,Tiruchirappalli,TN,28/05/2024
1080,keerthana n,Pune,Maharashtra,2025-03-23
593,Anitha K,Salem,TAMIL NADU,2023-06-11
302,Praveen N,Salem,TN,2025-04-16
359,Naveen A,Kochi,kerala,2024-11-29
628,Praveen P,Bengaluru,Karnataka,2024-03-28
391,Sneha S,Salem,Tamil Nadu,09/02/2024
360,Meena V,Salem,Tamil Nadu,26/10/2024
479,Suresh R,Bengaluru,Karnataka,13/06/2025
865,Vignesh M,Pune,Maharashtra,2025-06-30
406,Vijay K,Kochi,Kerala,31/07/2023
267,Divya J,Hyderabad,TS,04-01-2024
845,Praveen A,Hyderabad,Telangana,2025-07-14
681,Priya P,Hyderabad,Telangana,22/03/2023
923,,Kochi,Kerala,2024-08-01
92,Swathi A,Bengaluru,Karnataka,04/04/2025
438,ASHWIN M,Mumbai,Maharashtra,11/10/2023
288,Shalini P,Bengaluru,ka,30/04/2025
1032,MEENA T,Salem,TAMIL NADU,2023-06-17
696,Anitha S,,tamil nadu,2024-11-06
956,Janani N,Pune,MAHARASHTRA,26/05/2024
931,Deepa V,Delhi,delhi,2023-01-20
305,,Coimbatore,TAMIL NADU,2025-03-06
1045,Nithya P,madurai,Tamil Nadu,19-03-2025
640,karthik j,Kochi,KeRaLa,2023-04-24
1126,Ajay P,Tiruchirappalli,Tamil Nadu,2023-12-12
143,Ashwin K,Mumbai,Maharashtra,2023-11-09
926,Rahul P,Mumbai,Maharashtra,2024-09-14
1130,Naveen A,Kochi,Kerala,2025-02-24
486,Swathi P,Salem,TaMiL NaDu,2025-07-02
204,Dinesh N,Madurai,TAMIL NADU,23/04/2024
799,Ajay D,Hyderabad,TS,07/03/2025
748,Keerthana J,MADURAI,TN,26/10/2024
1071,Ramya A,Mumbai,MAHARASHTRA,02-07-2023
419,Deepa A,Delhi,Delhi,03-11-2024
594,Keerthana N,DELHI,Delhi,2024-06-09
291,Suresh N,Salem,Tamil Nadu,24-11-2024
941,,Coimbatore,Tamil Nadu,2024-04-29
630,Ajay B,mumbai,Maharashtra,04/02/2025
937,Pavithra B,Bengaluru,Karnataka,27/07/2025
91,Ramya P,Pune,MH,2024-09-25
475,Shalini P,Pune,Maharashtra,2025-03-26
308,Praveen R,Kochi,Kerala,15/04/2025
1131,Arun K,Pune,Maharashtra,13/02/2024
495,bala t,Bengaluru,karnataka,2025-01-11
338,Manoj N,Hyderabad,Telangana,2025-05-01
1093,Pavithra A,Bengaluru,ka,29/07/2025
24,divya m,Tiruchirappalli,Tamil Nadu,07-07-2025
1114,Pavithra G,Bengaluru,Karnataka,2025-01-31
23,PRIYA A,Bengaluru,Karnataka,2023-08-12
108,Gokul G,Madurai,Tamil Nadu,20/05/2025
90,Harini V,Delhi,dl,2023-09-13
532,PRAVEEN M,Mumbai,Maharashtra,03-05-2025
398,Praveen P,SALEM,Tamil Nadu,26/04/2023
744,Ajay V,salem,Tamil Nadu,29/07/2023
995,Priya K,Coimbatore,Tamil Nadu,2023-10-18
964,Sneha K,Kochi,KL,14-04-2023
901,Sneha N,Mumbai,Maharashtra,23-04-2023
1091,Harini G,Chennai,Tamil Nadu,03/04/2024
869,Ramya G,MADURAI,Tamil Nadu,2023-07-31
654,Ramya M,Chennai,Tamil Nadu,2023-02-16
457,Karthik R,kochi,Kerala,2023-02-03
307,VIGNESH B,Coimbatore,Tamil Nadu,2025-04-29
1162,Arun K,Delhi,Delhi,02-07-2023
336,Sneha G,Madurai,Tamil Nadu,16-03-2024
172,Anitha M,Hyderabad,Telangana,2024-05-13
612,Nithya S,Pune,Maharashtra,16-08-2025
354,Meena P,Salem,tamil nadu,26-11-2024
1198,Naveen M,Madurai,tamil nadu,2025-07-29
1081,Praveen R,Delhi,Delhi,04-03-2023
825,Vignesh B,KOCHI,KeRaLa,12/11/2025
28,Praveen J,Chennai,TaMiL NaDu,11-07-2023
548,Santhosh N,Kochi,Kerala,23-09-2024
13,ARUN D,Pune,Maharashtra,16/04/2024
626,Anitha S,Hyderabad,Telangana,26/10/2025
185,Priya K,Pune,MAHARASHTRA,2024-08-21
428,Swathi V,Mumbai,MAHARASHTRA,26-09-2023
60,Karthik T,Hyderabad,Telangana,2024-07-20
693,Pavithra K,mumbai,mh,2024-03-29
448,Arun V,madurai,Tamil Nadu,17/11/2024
453,Deepa B,Mumbai,Maharashtra,16/12/2025
574,Ramya K,Mumbai,Maharashtra,2025-09-10
578,Arun N,Bengaluru,Karnataka,07/05/2025
120,suresh v,Bengaluru,ka,15-06-2023
125,Naveen G,Mumbai,MAHARASHTRA,2023-02-10
522,Vijay P,Coimbatore,Tamil Nadu,28-11-2023
1105,Anitha P,Hyderabad,TS,08-04-2025
1100,Janani P,Salem,Tamil Nadu,03-09-2024
725,Suresh K,Madurai,TAMIL NADU,28-07-2024
478,Anitha V,CHENNAI,TaMiL NaDu,
1119,Janani T,hyderabad,Telangana,2025-12-21
423,Anitha S,Tiruchirappalli,Tamil Nadu,2024-11-30
1051,Rahul T,Coimbatore,Tamil Nadu,2024-06-12
697,Divya A,Mumbai,mh,18-05-2024
676,Kavya N,Chennai,Tamil Nadu,2025-04-25
1193,,Coimbatore,Tamil Nadu,2025-11-01
801,Suresh G,madurai,Tamil Nadu,2023-07-28
21,,Hyderabad,Telangana,2025-08-14
1107,Manoj B,Tiruchirappalli,Tamil Nadu,30/12/2025
451,,Chennai,Tamil Nadu,2023-06-12
437,Santhosh J,,Telangana,28/11/2023
634,Santhosh N,Pune,Maharashtra,2025-01-10
1195,Karthik G,Kochi,KeRaLa,2024-10-18
986,Shalini S,Coimbatore,TAMIL NADU,29/04/2024
1152,Dinesh T,delhi,DL,2023-01-20
197,Anitha D,Mumbai,Maharashtra,2023-05-04
208,Karthik K,Coimbatore,Tamil Nadu,21-09-2024
538,Meena N,Hyderabad,TELANGANA,2025-09-18
1007,Praveen D,Madurai,Tamil Nadu,13-10-2025
621,Shalini M,Chennai,tamil nadu,18-06-2024
775,Deepa J,Hyderabad,ts,2023-03-17
424,Bala N,Tiruchirappalli,tn,2024-04-08
900,Priya M,madurai,,2025-06-08
880,Divya J,Mumbai,Maharashtra,2024-08-06
216,Bala T,Salem,Tamil Nadu,24/03/2023
112,Deepa D,Bengaluru,Karnataka,25-06-2025
947,Ajay V,Hyderabad,Telangana,05-09-2023
339,Ramya R,Bengaluru,KARNATAKA,2025-05-24
917,Meena K,Pune,Maharashtra,2025-05-08
221,Manoj V,Delhi,delhi,2023-08-03
566,Vijay V,Mumbai,mh,14-10-2024
310,Ajay N,TIRUCHIRAPPALLI,TN,12/01/2025
345,Swathi R,Hyderabad,TELANGANA,25-12-2024
1047,VIGNESH J,mumbai,maharashtra,29/10/2023
997,Karthik V,Delhi,Delhi,2025-03-21
1016,Keerthana J,Hyderabad,Telangana,27-07-2023
692,Shalini M,Bengaluru,Karnataka,02/10/2024
644,Naveen P,Chennai,Tamil Nadu,2024-03-22
444,Karthik M,kochi,Kerala,2024-12-16
105,Pavithra T,Mumbai,maharashtra,03/02/2024
151,Sneha B,Salem,Tamil Nadu,05-09-2023
78,Arun T,Tiruchirappalli,Tamil Nadu,27/03/2025
1181,Kavya D,Delhi,DELHI,16/06/2025
925,Deepa N,Chennai,Tamil Nadu,25/01/2025
786,Sneha P,Hyderabad,Telangana,2023-06-25
1048,Sneha G,KOCHI,Kerala,
511,Sneha M,Coimbatore,Tamil Nadu,29/04/2024
804,Suresh T,Kochi,,2025-12-16
439,Janani P,Chennai,Tamil Nadu,2025-09-11
833,Kavya B,Mumbai,MAHARASHTRA,19/12/2024
772,Divya P,Delhi,DL,12-11-2023
67,keerthana g,Chennai,Tamil Nadu,2025-01-02
1060,Gokul A,Salem,TN,23/02/2025
469,Priya V,Pune,Maharashtra,2024-11-24
452,Arun P,Tiruchirappalli,Tamil Nadu,2023-11-03
266,Keerthana V,Hyderabad,Telangana,26/10/2023
784,Bala T,Mumbai,MH,2025-10-21
530,Ashwin D,Chennai,Tamil Nadu,28/02/2023
1122,Vignesh N,Coimbatore,TaMiL NaDu,2024-10-09
227,Ashwin K,Delhi,DELHI,04/08/2025
284,Swathi G,delhi,DL,08/10/2023
365,Nithya D,Kochi,kl,28/04/2025
690,Suresh V,Pune,Maharashtra,15/10/2025
388,Santhosh T,Madurai,Tamil Nadu,22/12/2025
504,Rahul D,Salem,Tamil Nadu,02-10-2025
384,,Tiruchirappalli,Tamil Nadu,11-06-2025
141,divya t,madurai,tamil nadu,2023-03-24
1069,Janani M,Coimbatore,tn,2024-09-07
148,Vignesh K,Salem,TN,07-02-2025
1049,Meena M,TIRUCHIRAPPALLI,Tamil Nadu,16/09/2023
563,naveen j,Chennai,Tamil Nadu,03/04/2023
268,Meena S,Madurai,Tamil Nadu,2025-02-22
178,Ramya M,bengaluru,Karnataka,2023-09-02
537,Anitha N,Madurai,TaMiL NaDu,2023-05-03
128,Bala A,Hyderabad,telangana,27-03-2024
206,Pavithra R,Pune,Maharashtra,2024-04-05
622,Naveen M,Kochi,Kerala,2024-06-30
466,kavya r,Bengaluru,Karnataka,2024-05-08
815,deepa s,Kochi,Kerala,14/08/2024
62,Praveen P,coimbatore,TAMIL NADU,2025-06-23
605,Shalini G,,tamil nadu,20/04/2024
401,KEERTHANA P,Madurai,,2023-07-04
162,Gokul N,Tiruchirappalli,TaMiL NaDu,09-08-2025
396,Janani T,Bengaluru,Karnataka,06/11/2023
1078,Divya K,Kochi,Kerala,14/04/2023
355,Keerthana K,Coimbatore,TN,2023-10-21
562,Bala S,Tiruchirappalli,TaMiL NaDu,2025-11-08
922,Meena M,Pune,Maharashtra,2023-04-05
1029,Vijay K,Bengaluru,Karnataka,08-01-2023
718,Dinesh M,,Tamil Nadu,2023-06-15
296,Suresh J,Madurai,Tamil Nadu,2025-07-20
1189,Dinesh B,MUMBAI,mh,15-07-2023
368,swathi t,mumbai,mh,2025-09-23
433,Harini P,Kochi,kerala,24/04/2024
101,Karthik G,Tiruchirappalli,Tamil Nadu,27/09/2024
1073,Ramya N,pune,Maharashtra,04-02-2025
564,Priya S,Bengaluru,Karnataka,2025-08-28
981,Kavya N,Pune,mh,2025-01-02
551,,Chennai,Tamil Nadu,14/04/2023
470,Ashwin T,Coimbatore,Tamil Nadu,2025-08-09
1015,Meena A,Kochi,Kerala,2025-02-14
710,Deepa J,Hyderabad,TELANGANA,25/01/2023
870,Manoj V,Salem,TAMIL NADU,2023-10-08
509,Gokul P,Coimbatore,,2023-12-23
811,Keerthana B,Coimbatore,Tamil Nadu,2025-11-12
12,Divya M,Madurai,TAMIL NADU,2024-11-23
417,Shalini V,Salem,TAMIL NADU,2025-03-13
394,Ajay G,Mumbai,mh,2025-07-08
411,Keerthana P,Hyderabad,ts,2025-04-17
408,Praveen S,Chennai,Tamil Nadu,2024-05-22
220,Karthik N,Bengaluru,Karnataka,
553,Anitha J,Chennai,tamil nadu,09-08-2023
945,RAHUL S,Mumbai,Maharashtra,12/08/2023
575,Meena J,Delhi,delhi,17/02/2025
468,bala d,Bengaluru,Karnataka,01/10/2023
515,Karthik P,Hyderabad,ts,07/09/2025
316,Vijay G,Mumbai,MH,25/02/2024
37,Ramya V,Chennai,Tamil Nadu,2023-04-13
116,Bala M,delhi,delhi,21-07-2024
708,Harini T,Delhi,Delhi,2025-09-16
631,PAVITHRA B,Pune,MAHARASHTRA,2025-08-22
852,Pavithra M,Kochi,Kerala,03/07/2024
110,Priya J,Tiruchirappalli,Tamil Nadu,06/09/2023
903,Sneha K,COIMBATORE,TaMiL NaDu,2023-01-24
1019,Anitha K,Bengaluru,KARNATAKA,18/06/2024
823,Anitha K,Salem,TaMiL NaDu,05-04-2024
161,Manoj M,Madurai,Tamil Nadu,2024-07-25
1088,Suresh T,Hyderabad,TELANGANA,17-11-2025
805,Praveen V,Mumbai,Maharashtra,2025-03-06
943,Dinesh B,Bengaluru,ka,13-10-2024
145,Vignesh M,KOCHI,kerala,2024-06-08
1138,Ashwin K,Salem,Tamil Nadu,18/08/2024
485,Manoj R,Madurai,Tamil Nadu,2024-11-02
911,Priya N,Mumbai,Maharashtra,2023-12-08
1072,Rahul N,Tiruchirappalli,TaMiL NaDu,2025-04-13
278,Naveen D,Bengaluru,KARNATAKA,28-08-2024
199,Praveen M,Salem,Tamil Nadu,16/06/2023
569,Deepa N,Mumbai,Maharashtra,05/09/2024
135,Janani N,Coimbatore,Tamil Nadu,13/04/2023
584,Manoj S,Kochi,kerala,27/12/2025
298,Vignesh A,Delhi,dl,
895,Karthik T,Pune,Maharashtra,09/11/2023
1059,Kavya P,Pune,Maharashtra,05-12-2024
351,SNEHA G,Salem,TAMIL NADU,2024-04-08
435,Gokul M,bengaluru,Karnataka,2025-06-21
567,Meena A,mumbai,Maharashtra,04/09/2024
606,Deepa B,Chennai,Tamil Nadu,25/12/2023
176,Keerthana B,Kochi,KL,08/07/2024
1113,Divya V,Tiruchirappalli,Tamil Nadu,20-09-2024
1111,Ramya P,PUNE,Maharashtra,10/01/2024
25,Vijay A,Coimbatore,Tamil Nadu,2024-07-24
529,Swathi D,Mumbai,,22/11/2024
847,Santhosh B,Salem,tn,25-01-2025
293,Vijay G,Tiruchirappalli,Tamil Nadu,2025-03-24
331,Swathi R,Kochi,Kerala,2025-06-27
691,Ajay R,Kochi,kerala,17-10-2024
1023,Dinesh K,Hyderabad,Telangana,04/12/2023
1043,Ashwin A,Pune,Maharashtra,2025-05-07
1000,Kavya T,Kochi,Kerala,2024-10-11
860,Suresh R,Bengaluru,karnataka,05/12/2023
304,Anitha N,Madurai,Tamil Nadu,2023-07-19
858,Dinesh S,Delhi,Delhi,2024-09-10
1033,Nithya R,Salem,Tamil Nadu,25-03-2025
440,Janani V,Pune,Maharashtra,30/07/2023
884,Praveen K,Tiruchirappalli,Tamil Nadu,10/10/2025
247,Keerthana V,Pune,Maharashtra,11/02/2025
977,Shalini D,Pune,mh,2024-10-20
38,Vignesh N,Pune,Maharashtra,23-12-2025
158,Ramya J,Delhi,delhi,07-07-2024
720,Naveen A,Hyderabad,Telangana,2025-09-01
950,Karthik S,Delhi,dl,15/09/2024
387,Manoj G,COIMBATORE,Tamil Nadu,2023-06-06
1137,Vignesh P,Coimbatore,TN,14/05/2023
100,Anitha J,Delhi,dl,17-11-2024
576,Vijay T,Tiruchirappalli,Tamil Nadu,06/03/2023
770,Kavya P,Madurai,Tamil Nadu,2025-04-17
952,Rahul V,Coimbatore,Tamil Nadu,2023-07-06
546,Divya S,Bengaluru,Karnataka,2024-10-02
463,deepa j,Pune,MAHARASHTRA,2023-02-11
263,Sneha G,Delhi,Delhi,2023-07-25
589,Dinesh B,Kochi,Kerala,2024-10-11
712,Arun J,Delhi,delhi,2025-05-31
262,divya b,madurai,TN,2025-06-07
30,Pavithra N,Kochi,KERALA,2024-03-13
554,Pavithra S,Salem,TAMIL NADU,2025-01-19
1031,Rahul R,Chennai,TaMiL NaDu,28/02/2024
624,Suresh T,,Karnataka,28/04/2024
5,Karthik B,Kochi,Kerala,2023-05-22
252,NITHYA K,Coimbatore,Tamil Nadu,25/10/2025
910,Nithya N,PUNE,Maharashtra,
1144,Ramya K,Mumbai,Maharashtra,30/10/2025
909,,Delhi,Delhi,07/06/2023
471,Dinesh N,Delhi,Delhi,2024-01-09
342,KARTHIK R,Madurai,Tamil Nadu,03/06/2025
1177,Ashwin A,Kochi,KL,13-05-2025
36,Priya D,Pune,Maharashtra,05/05/2023
877,Vijay G,Madurai,Tamil Nadu,25-02-2025
196,Shalini N,Salem,Tamil Nadu,2025-05-28
192,Vijay S,Mumbai,MAHARASHTRA,14-09-2024
422,Santhosh V,Chennai,tamil nadu,12-01-2025
44,Manoj P,Tiruchirappalli,Tamil Nadu,05/10/2024
832,Bala G,Tiruchirappalli,Tamil Nadu,2024-03-05
121,Vijay S,Tiruchirappalli,Tamil Nadu,23/02/2025
1154,Swathi J,Salem,Tamil Nadu,08/10/2023
203,Priya M,Salem,Tamil Nadu,2024-08-02
843,Bala T,Hyderabad,Telangana,2025-09-29
807,Keerthana V,Kochi,Kerala,20/12/2023
960,Swathi T,Delhi,DELHI,2023-06-22
271,Ajay T,Salem,Tamil Nadu,30/07/2025
1095,Swathi J,Mumbai,,24/03/2025
987,Vignesh V,Bengaluru,karnataka,27-02-2023
215,Divya T,Mumbai,Maharashtra,12-02-2023
990,Meena N,Chennai,Tamil Nadu,2023-07-04
951,Ashwin B,Mumbai,Maharashtra,24/03/2023
219,Meena D,Hyderabad,ts,04-10-2025
882,Rahul J,Mumbai,Maharashtra,2025-11-09
897,Santhosh M,Coimbatore,Tamil Nadu,2024-10-31
188,Nithya N,Kochi,Kerala,2024-11-28
1171,janani g,Chennai,tn,2023-01-20
888,Vijay A,Mumbai,Maharashtra,11-05-2025
1158,Ashwin J,Tiruchirappalli,Tamil Nadu,2025-01-03
1097,Swathi V,Pune,maharashtra,01-08-2024
1064,Priya A,Bengaluru,Karnataka,2024-05-01
94,Rahul A,Delhi,Delhi,15-02-2025
1070,Ramya N,Bengaluru,KA,2024-07-05
614,Meena B,Kochi,Kerala,10-06-2024
430,Meena B,MUMBAI,Maharashtra,06/12/2023
719,praveen t,Chennai,Tamil Nadu,11/07/2023
883,Rahul B,Hyderabad,TELANGANA,2024-08-28
131,Swathi T,Hyderabad,Telangana,2023-12-05
102,Divya G,tiruchirappalli,TN,29-10-2023
211,Dinesh A,Salem,tamil nadu,21-10-2025
68,Rahul T,Tiruchirappalli,Tamil Nadu,30/07/2023
891,Vignesh R,chennai,TAMIL NADU,2024-06-20
454,Pavithra R,Salem,Tamil Nadu,01-05-2024
830,Anitha K,Kochi,Kerala,2024-06-22
80,,Pune,Maharashtra,2025-03-29
259,Naveen V,Delhi,DL,26/09/2025
819,Deepa J,Delhi,dl,2025-10-10
405,Manoj D,Kochi,KeRaLa,23-10-2025
1150,Ajay A,madurai,Tamil Nadu,01/06/2024
258,Janani V,delhi,DL,28-12-2025
650,Keerthana A,Kochi,Kerala,12/02/2025
747,Pavithra R,chennai,TAMIL NADU,2023-07-03
1042,Bala D,Tiruchirappalli,Tamil Nadu,05-05-2023
587,Suresh J,Salem,Tamil Nadu,05/04/2024
790,Sneha N,Kochi,Kerala,2024-10-15
301,Shalini D,,tn,10/05/2023
763,Nithya V,Coimbatore,TAMIL NADU,2025-03-26
458,Praveen J,Mumbai,Maharashtra,2024-05-10
1061,Praveen N,Mumbai,mh,26/08/2025
871,Naveen G,Coimbatore,Tamil Nadu,20/10/2023
347,Anitha D,SALEM,Tamil Nadu,21/12/2024
963,Kavya S,Madurai,Tamil Nadu,2024-11-10
709,Swathi N,Chennai,Tamil Nadu,2023-01-14
410,Santhosh D,Coimbatore,Tamil Nadu,2025-01-15
27,Kavya J,MADURAI,Tamil Nadu,2023-04-14
81,Swathi J,Bengaluru,KARNATAKA,2023-02-26
1012,Divya B,Madurai,TaMiL NaDu,2024-12-18
776,Kavya V,Pune,,2023-06-24
666,Vignesh D,Delhi,DL,18/10/2024
386,Naveen P,bengaluru,KA,29-03-2024
180,Rahul B,Kochi,KERALA,20-07-2024
483,Kavya R,Hyderabad,Telangana,2023-06-11
874,Keerthana B,Tiruchirappalli,tamil nadu,07-11-2023
155,Arun A,Kochi,Kerala,05-08-2023
711,Arun J,Salem,Tamil Nadu,10-08-2024
637,Vignesh J,Coimbatore,Tamil Nadu,2023-12-03
1116,Janani R,Kochi,Kerala,2023-04-20
647,Shalini R,Kochi,Kerala,2023-03-06
69,,Pune,maharashtra,2025-04-12
330,Priya N,Hyderabad,Telangana,2025-05-23
378,Arun N,madurai,TAMIL NADU,03/10/2024
1055,Shalini K,Mumbai,Maharashtra,2025-12-06
32,Naveen K,hyderabad,Telangana,2024-06-27
83,Priya R,Mumbai,Maharashtra,2025-06-08
853,Manoj P,Bengaluru,Karnataka,2023-09-25
77,Ashwin G,Tiruchirappalli,TaMiL NaDu,2024-04-01
111,Ajay S,Kochi,kerala,
932,Manoj K,Delhi,dl,2025-02-09
742,Ramya A,Bengaluru,Karnataka,2025-01-08
609,Gokul K,Chennai,Tamil Nadu,2024-09-03
85,HARINI J,Madurai,tn,27/02/2025
1086,Meena D,Tiruchirappalli,Tamil Nadu,2024-03-29
194,Harini D,Mumbai,Maharashtra,2024-04-07
240,Ajay J,coimbatore,Tamil Nadu,24-02-2025
616,Kavya P,Mumbai,Maharashtra,31/01/2024
536,KAVYA G,DELHI,DELHI,11-04-2025
828,,Kochi,KeRaLa,2024-03-23
930,Arun A,Chennai,Tamil Nadu,22-04-2024
400,Ajay N,Chennai,Tamil Nadu,27/04/2023
390,Ramya T,Coimbatore,tamil nadu,28-04-2024
1022,Deepa R,Bengaluru,KA,2025-09-15
1196,Divya V,Salem,Tamil Nadu,2023-04-14
1133,Bala J,tiruchirappalli,Tamil Nadu,2023-02-06
96,Naveen J,CHENNAI,Tamil Nadu,2024-09-14
61,Priya K,Bengaluru,karnataka,2023-09-25
1021,Gokul A,Coimbatore,TN,2023-06-03
583,Swathi N,Pune,MAHARASHTRA,10-02-2025
989,Vignesh M,kochi,kl,24/09/2024
633,Bala M,Delhi,Delhi,
683,Nithya M,Bengaluru,Karnataka,12-09-2024
97,Anitha M,Hyderabad,telangana,2024-10-21
1053,Naveen J,Hyderabad,Telangana,2024-10-29
42,Gokul D,Tiruchirappalli,TAMIL NADU,2023-03-23
17,Santhosh M,Salem,Tamil Nadu,2025-09-21
967,Meena V,Tiruchirappalli,TaMiL NaDu,2024-01-19
274,Karthik N,Bengaluru,KARNATAKA,2024-09-04
750,Pavithra A,Madurai,tamil nadu,2024-05-12
867,janani a,Coimbatore,Tamil Nadu,2025-09-05
314,Praveen T,Mumbai,Maharashtra,13/02/2023
782,Santhosh B,Pune,MAHARASHTRA,28/03/2024
63,Deepa B,Hyderabad,TELANGANA,2023-01-20
421,Karthik T,delhi,Delhi,17-05-2025
985,Vignesh G,Hyderabad,Telangana,27/12/2024
789,Santhosh N,Bengaluru,Karnataka,02-09-2025
559,Ashwin D,Delhi,delhi,01/09/2023
1050,PRIYA A,Madurai,Tamil Nadu,2025-06-10
1128,Kavya G,Madurai,tamil nadu,23/09/2023
590,Nithya V,Pune,Maharashtra,14-07-2024
1058,Shalini R,mumbai,Maharashtra,26/07/2023
558,naveen j,Kochi,Kerala,26/07/2024
377,Naveen B,Chennai,Tamil Nadu,12/06/2025
613,Suresh M,Madurai,TAMIL NADU,08-11-2024
955,Suresh S,Chennai,TAMIL NADU,08/04/2025
367,keerthana a,Madurai,Tamil Nadu,2024-08-03
785,Vijay V,Chennai,Tamil Nadu,15-09-2025
831,keerthana r,Kochi,kerala,29-08-2023
1040,VIJAY G,Delhi,delhi,18-07-2023
1003,NAVEEN P,Salem,Tamil Nadu,2023-09-18
329,Anitha N,Delhi,Delhi,2023-03-05
290,Santhosh J,SALEM,TAMIL NADU,2023-12-03
228,,Tiruchirappalli,Tamil Nadu,27-11-2025
813,Vignesh A,Hyderabad,TELANGANA,2024-01-16
568,Vignesh V,Pune,Maharashtra,09-11-2025
277,Janani N,Madurai,Tamil Nadu,2024-04-30
436,Ajay G,Salem,tn,2025-02-21
816,Vijay S,bengaluru,KARNATAKA,2025-07-12
968,Suresh P,Kochi,Kerala,01-11-2023
1028,Sneha K,Hyderabad,Telangana,
999,manoj s,Coimbatore,tn,13/06/2025
1039,Ashwin P,Mumbai,Maharashtra,07-05-2023
656,Deepa A,Tiruchirappalli,tn,21-05-2024
249,Vignesh A,Tiruchirappalli,tamil nadu,21/04/2025
254,Sneha J,Kochi,KL,2023-02-01
341,Vijay T,Kochi,Kerala,18-05-2023
600,Sneha A,Bengaluru,Karnataka,25-08-2025
674,Meena G,PUNE,MAHARASHTRA,27/08/2025
827,Bala J,Bengaluru,Karnataka,2023-03-27
765,VIGNESH G,Tiruchirappalli,TN,2024-10-29
461,VIGNESH A,Coimbatore,Tamil Nadu,25/06/2023
983,Sneha M,DELHI,dl,2024-05-08
456,Pavithra T,Mumbai,Maharashtra,2025-07-25
205,Shalini P,Delhi,Delhi,2024-02-10
773,Dinesh A,,telangana,01-06-2023
505,Rahul R,Coimbatore,Tamil Nadu,01/06/2023
996,Bala R,Pune,Maharashtra,17-01-2025
1197,Santhosh M,Pune,Maharashtra,14-02-2025
1110,Anitha R,Kochi,Kerala,20-09-2023
717,Keerthana A,Kochi,Kerala,13/05/2024
638,Manoj J,Kochi,KeRaLa,2023-08-27
414,Karthik V,Madurai,Tamil Nadu,2025-03-02
620,MEENA S,Kochi,KERALA,2024-10-24
255,Ramya S,hyderabad,TS,2023-11-13
534,gokul t,Pune,maharashtra,16/08/2024
841,Suresh T,Coimbatore,Tamil Nadu,29-09-2023
93,Dinesh P,Pune,Maharashtra,18-09-2023
800,Arun B,Tiruchirappalli,TAMIL NADU,26/02/2024
604,Manoj P,Delhi,Delhi,2023-05-02
473,Priya P,Tiruchirappalli,Tamil Nadu,2023-03-31
447,naveen r,Bengaluru,Karnataka,04-04-2024
899,Anitha B,Hyderabad,TS,03-05-2024
962,Arun R,Tiruchirappalli,Tamil Nadu,2025-06-27
618,Ashwin A,Pune,Maharashtra,2024-11-02
1074,Ashwin K,pune,maharashtra,22-11-2023
602,,Hyderabad,ts,01/09/2025
1168,Ashwin S,Chennai,Tamil Nadu,2024-08-18
585,Manoj J,Bengaluru,Karnataka,2024-06-25
157,Dinesh S,Hyderabad,Telangana,27/12/2023
627,Shalini B,Salem,Tamil Nadu,2023-08-29
146,Bala V,Coimbatore,TAMIL NADU,23/08/2023
1087,Praveen M,Delhi,dl,2024-02-28
383,Ashwin B,Bengaluru,Karnataka,2023-06-30
1124,Nithya V,Delhi,delhi,29/12/2023
429,Harini A,Coimbatore,Tamil Nadu,2023-11-29
1148,Swathi R,Delhi,delhi,2023-02-10
1002,divya t,Mumbai,Maharashtra,2023-12-26
1011,Ajay K,Salem,Tamil Nadu,2024-03-05
642,Ajay D,Chennai,Tamil Nadu,2025-08-04
31,Janani A,Chennai,tn,
56,SURESH R,Madurai,,2023-11-15
191,Karthik D,Delhi,delhi,20/04/2023
598,Divya K,delhi,dl,2025-12-23
516,Santhosh A,Hyderabad,Telangana,01-06-2023
889,Keerthana J,DELHI,Delhi,20/12/2023
560,Vijay R,Hyderabad,,2025-02-03
592,Gokul A,Bengaluru,Karnataka,2023-10-27
526,Vijay T,Salem,Tamil Nadu,28-12-2025
1140,Manoj A,Delhi,Delhi,02-10-2023
459,DINESH S,Salem,TaMiL NaDu,29/05/2025
1077,Meena M,Tiruchirappalli,Tamil Nadu,2023-04-29
55,Shalini T,Madurai,TaMiL NaDu,03-10-2023
332,Karthik R,Bengaluru,karnataka,2023-10-31
580,Santhosh G,mumbai,Maharashtra,23/08/2025
507,Kavya T,Bengaluru,Karnataka,2024-12-12
356,Vignesh T,Hyderabad,telangana,2023-05-23
655,Anitha N,Delhi,delhi,18-05-2025
944,Ajay P,Tiruchirappalli,Tamil Nadu,02-06-2023
98,Ajay N,Kochi,Kerala,13-03-2024
684,Shalini K,Tiruchirappalli,Tamil Nadu,25/01/2024
273,Gokul P,Delhi,delhi,2023-11-20
1179,Vijay B,Chennai,TAMIL NADU,23/11/2023
849,Janani G,Madurai,tn,27/07/2025
1139,Ajay B,PUNE,MAHARASHTRA,09-12-2025
936,Karthik K,Tiruchirappalli,tamil nadu,30/11/2025
119,KARTHIK B,Salem,Tamil Nadu,25/04/2024
497,Swathi N,Bengaluru,KARNATAKA,31/01/2025
703,Santhosh K,Madurai,Tamil Nadu,2023-04-10
705,Ashwin T,,TaMiL NaDu,20/05/2023
1180,Sneha A,Mumbai,MAHARASHTRA,15-09-2025
542,Deepa R,Bengaluru,Karnataka,10/05/2024
726,gokul j,Mumbai,MH,09-03-2023
239,Ashwin N,Kochi,Kerala,14/05/2024
557,KEERTHANA J,Salem,TN,
894,Bala A,Hyderabad,Telangana,03/04/2025
795,Manoj J,Hyderabad,telangana,2025-08-04
814,Nithya T,Pune,Maharashtra,21-12-2023
289,Meena M,coimbatore,Tamil Nadu,19/01/2025
875,Shalini A,Mumbai,Maharashtra,25-06-2025
222,Janani S,BENGALURU,Karnataka,23/04/2025
3,Gokul G,Salem,Tamil Nadu,2024-05-05
643,Swathi G,Salem,TaMiL NaDu,14-02-2023
1115,Suresh D,Salem,Tamil Nadu,07-08-2025
653,Deepa A,Pune,MAHARASHTRA,2023-09-18
682,Janani R,Tiruchirappalli,tn,20-03-2024
286,Anitha G,Kochi,Kerala,10-03-2023
1005,Janani G,mumbai,Maharashtra,08/03/2023
1009,Keerthana V,coimbatore,tamil nadu,2023-07-01
599,Divya T,Tiruchirappalli,tn,18-04-2023
165,Meena N,,TN,27/12/2024
1054,Janani P,Pune,Maharashtra,2025-07-27
998,Vignesh R,Bengaluru,karnataka,10-09-2024
954,Santhosh K,Delhi,Delhi,2024-09-04
132,Ashwin N,Coimbatore,Tamil Nadu,29/12/2025
915,Priya K,Tiruchirappalli,TaMiL NaDu,2023-04-05
261,Divya T,Delhi,Delhi,2024-08-11
381,Sneha A,Chennai,tamil nadu,27/10/2024
794,Santhosh S,Pune,Maharashtra,24-11-2023
1052,Manoj B,Madurai,Tamil Nadu,28/06/2023
1136,Vijay R,Hyderabad,TELANGANA,
1185,Ajay K,Madurai,Tamil Nadu,2024-06-19
1027,Swathi P,Salem,Tamil Nadu,01/05/2024
518,Ajay N,Delhi,dl,25-11-2025
755,Anitha N,Madurai,Tamil Nadu,09-01-2025
1008,Vijay V,Madurai,Tamil Nadu,02/05/2024
700,ajay s,Bengaluru,Karnataka,2023-12-13
33,Shalini G,Kochi,Kerala,07/08/2024
183,keerthana s,salem,Tamil Nadu,2023-01-29
1123,Janani B,Coimbatore,Tamil Nadu,15/06/2023
250,Priya V,Kochi,kl,2025-02-19
1117,Janani T,Mumbai,Maharashtra,26-05-2023
335,Ajay J,Mumbai,Maharashtra,2025-05-31
510,KAVYA V,Pune,Maharashtra,2024-04-04
282,Bala G,Tiruchirappalli,Tamil Nadu,2024-12-22
350,Janani R,BENGALURU,Karnataka,22-01-2025
768,Swathi G,Pune,mh,25-02-2023
450,Anitha N,,Tamil Nadu,2025-08-18
1200,karthik n,Kochi,Kerala,
890,Bala N,Madurai,TN,04/02/2023
979,Manoj D,Tiruchirappalli,tamil nadu,2023-03-02
300,Arun D,Pune,Maharashtra,2024-11-02
502,Santhosh A,Pune,Maharashtra,2023-08-30
855,Priya R,Delhi,Delhi,2025-07-30
1194,Janani N,Kochi,kl,2023-12-05
294,Janani G,Pune,MAHARASHTRA,2025-01-19
1184,Nithya N,Madurai,Tamil Nadu,22-04-2025
4,Priya M,Mumbai,MH,2023-06-11
242,Janani R,Salem,tamil nadu,2025-04-29
948,Deepa V,Tiruchirappalli,Tamil Nadu,14/07/2025
152,Kavya D,CHENNAI,tamil nadu,12-12-2024
1035,Karthik T,Pune,Maharashtra,04/03/2025
1172,Janani S,Delhi,dl,16-12-2023
994,Manoj B,coimbatore,Tamil Nadu,24/10/2024
601,Sneha T,Coimbatore,Tamil Nadu,2023-01-11
1164,Vijay R,Pune,Maharashtra,2023-06-03
1006,Meena D,Bengaluru,Karnataka,28/03/2024
595,,Tiruchirappalli,Tamil Nadu,2024-02-18
506,Ajay S,Kochi,Kerala,2023-06-29
327,Vignesh R,Kochi,Kerala,2025-10-28
264,Ajay S,Salem,Tamil Nadu,2023-03-01
1099,Karthik V,Salem,TAMIL NADU,27-10-2024
431,Ramya N,Chennai,Tamil Nadu,2025-04-21
907,Bala K,Bengaluru,Karnataka,29/05/2025
525,Rahul T,Pune,Maharashtra,2024-07-16
58,Dinesh V,Tiruchirappalli,TN,24-06-2024
767,Sneha D,Tiruchirappalli,Tamil Nadu,2024-01-04
866,Arun K,Bengaluru,,2023-09-04
340,Manoj T,Salem,tn,05/02/2025
756,Suresh M,Delhi,Delhi,12/10/2025
639,Swathi M,Mumbai,MAHARASHTRA,28/09/2025
547,Rahul G,coimbatore,Tamil Nadu,17/10/2025
357,Vijay B,Delhi,Delhi,2023-03-04
480,Gokul A,Kochi,kl,2025-03-02
1176,Naveen A,Kochi,Kerala,2024-07-10
648,Anitha A,Coimbatore,TaMiL NaDu,2023-10-05
160,Ajay A,MUMBAI,Maharashtra,2024-07-03
315,Priya G,Bengaluru,karnataka,13-05-2024
34,Pavithra B,pune,MH,23/09/2025
919,Shalini B,Bengaluru,KARNATAKA,2024-07-09
349,Vijay T,KOCHI,KERALA,04-04-2024
413,Kavya T,Delhi,Delhi,2024-11-16
524,Santhosh P,MADURAI,Tamil Nadu,2024-05-28
939,Santhosh S,Delhi,Delhi,18-03-2025
376,Deepa T,Bengaluru,KA,28/05/2023
1083,Meena N,Mumbai,Maharashtra,2024-12-17
887,Gokul K,Bengaluru,Karnataka,2024-10-10
246,Janani S,Kochi,Kerala,18/09/2025
86,Gokul D,Tiruchirappalli,TN,05/06/2024
586,Harini N,TIRUCHIRAPPALLI,Tamil Nadu,19-05-2024
588,Anitha G,Salem,TAMIL NADU,29/02/2024
1082,divya v,Kochi,Kerala,02/07/2025
499,Santhosh V,Hyderabad,Telangana,2024-10-05
89,Keerthana A,Madurai,Tamil Nadu,07-11-2024
492,Santhosh G,Delhi,Delhi,2023-11-24
1143,Divya M,Coimbatore,Tamil Nadu,08-03-2024
716,Suresh G,hyderabad,Telangana,2023-06-11
774,Ajay D,Kochi,Kerala,
476,Ashwin J,Kochi,Kerala,02/06/2024
864,Rahul N,Madurai,tamil nadu,2023-09-29
1109,Santhosh P,Coimbatore,Tamil Nadu,2024-01-06
572,Kavya B,Delhi,dl,24/02/2023
1094,Suresh M,Kochi,kl,10/09/2024
669,Priya J,Mumbai,Maharashtra,25-12-2023
465,Keerthana P,Chennai,Tamil Nadu,2025-01-01
792,Arun V,Delhi,delhi,12/08/2023
233,Arun T,Mumbai,Maharashtra,2024-05-05
153,Deepa A,DELHI,Delhi,28-01-2025
946,Vijay R,coimbatore,Tamil Nadu,09/07/2025
657,Ajay V,Coimbatore,Tamil Nadu,2024-07-18
231,Deepa S,Salem,TAMIL NADU,2025-06-16
803,Manoj M,kochi,Kerala,2023-08-22
783,AJAY V,Hyderabad,Telangana,06/08/2025
798,NAVEEN K,mumbai,Maharashtra,09/02/2024
851,Kavya J,Hyderabad,Telangana,22/03/2024
892,Rahul K,CHENNAI,tamil nadu,
741,Suresh S,Hyderabad,Telangana,2023-11-12
501,Arun B,Coimbatore,Tamil Nadu,19-10-2025
15,Dinesh T,Chennai,TAMIL NADU,2024-04-13
844,Vijay D,Delhi,Delhi,2024-07-04
667,Divya P,Coimbatore,tamil nadu,03-12-2025
1013,Suresh G,Madurai,tn,2023-01-03
432,Keerthana T,Tiruchirappalli,Tamil Nadu,2025-06-28
721,Priya T,Chennai,TAMIL NADU,17-12-2023
840,Vijay G,hyderabad,Telangana,02/05/2023
938,Ramya R,Mumbai,mh,15/07/2023
1147,Harini K,Mumbai,Maharashtra,09-04-2023
1020,Sneha R,Bengaluru,Karnataka,15/12/2023
662,Divya B,Chennai,TN,03-04-2025
299,Sneha T,Tiruchirappalli,tn,2025-08-23
751,Vignesh J,Coimbatore,TAMIL NADU,2025-02-18
1024,Harini A,Coimbatore,Tamil Nadu,20-04-2023
754,Meena A,Salem,Tamil Nadu,12-05-2025
1165,Ramya B,Madurai,Tamil Nadu,2024-06-08
503,,Salem,Tamil Nadu,02-07-2025
764,Manoj P,Delhi,dl,2025-10-02
318,VIGNESH M,Tiruchirappalli,Tamil Nadu,03-11-2024
1183,Harini K,Delhi,Delhi,2023-09-25
48,Ajay D,mumbai,Maharashtra,2023-07-24
969,Priya D,,Maharashtra,18/05/2024
87,Priya B,Hyderabad,Telangana,04/01/2023
214,Harini P,Chennai,Tamil Nadu,07/07/2023
319,Bala S,Mumbai,Maharashtra,2023-01-06
397,Ajay R,Kochi,Kerala,2025-06-24
727,Meena V,Chennai,TAMIL NADU,2024-02-29
641,Ajay S,Pune,Maharashtra,30-04-2025
193,Karthik M,Madurai,Tamil Nadu,2025-05-02
1067,Ashwin G,Salem,Tamil Nadu,28-09-2024
1017,ashwin n,Mumbai,Maharashtra,06-04-2024
791,Karthik P,Chennai,TAMIL NADU,24/08/2023
686,Dinesh D,Tiruchirappalli,Tamil Nadu,23-03-2025
724,Divya M,,maharashtra,31/08/2025
324,Suresh K,COIMBATORE,TN,2025-05-12
126,Janani G,Mumbai,Maharashtra,18/02/2025
675,Divya M,Salem,tamil nadu,23/10/2023
649,Bala T,Delhi,Delhi,10-05-2025
527,Karthik J,Delhi,Delhi,2023-12-12
797,Meena T,Delhi,DELHI,2025-06-04
1057,Vijay S,Mumbai,maharashtra,25/07/2023
380,Dinesh T,Hyderabad,Telangana,15-08-2024
200,Meena M,Coimbatore,Tamil Nadu,03-06-2023
965,Meena D,hyderabad,Telangana,2025-03-19
136,Suresh A,Bengaluru,Karnataka,2024-03-09
1018,Meena N,Madurai,Tamil Nadu,2023-03-10
99,Santhosh N,Coimbatore,TN,2023-06-23
1096,vignesh r,Chennai,TAMIL NADU,2025-11-13
918,Divya V,Tiruchirappalli,TAMIL NADU,2025-05-02
796,Divya G,Hyderabad,Telangana,13/01/2024
1104,Ramya K,Delhi,dl,2025-10-15
665,Santhosh P,Tiruchirappalli,Tamil Nadu,2024-10-15
912,Keerthana S,Salem,tamil nadu,30/07/2023
1156,Anitha R,MADURAI,Tamil Nadu,16-10-2025
1004,Meena B,,TAMIL NADU,2025-03-12
802,Kavya J,Coimbatore,TAMIL NADU,19-01-2025
992,Arun J,Kochi,Kerala,02/01/2023
173,Anitha T,Mumbai,MAHARASHTRA,25/01/2025
19,Divya G,Kochi,KERALA,2025-04-13
940,Karthik D,Mumbai,Maharashtra,2023-05-08
168,Santhosh M,Madurai,Tamil Nadu,09/05/2024
608,Kavya N,Coimbatore,TAMIL NADU,2024-08-15
71,Janani S,Coimbatore,TaMiL NaDu,2025-04-24
472,Kavya S,MADURAI,Tamil Nadu,2025-07-26
312,Priya A,Salem,Tamil Nadu,24-01-2024
820,Pavithra T,Kochi,kl,2025-05-01
154,Karthik J,DELHI,delhi,29/11/2024
961,Vignesh D,Salem,Tamil Nadu,
734,Manoj D,Mumbai,MAHARASHTRA,2025-03-23
